[
   {
      "user":"first",
      "userID":0,
      "lists":[
         {
            "name":"TestListe",
            "listID":0,
            "items":[
               {
                  "name":"TestItem 1",
                  "taskID":0,
                  "done":false
               },
               {
                  "name":"TestItem 2",
                  "taskID":1,
                  "done":false
               },
               {
                  "name":"TestItem 3",
                  "taskID":2,
                  "done":false
               },
               {
                  "name":"TestItem 4",
                  "taskID":3,
                  "done":false
               },
               {
                  "name":"TestItem 5",
                  "taskID":4,
                  "done":false
               },
               {
                  "name":"TestItem 6",
                  "taskID":5,
                  "done":false
               }
            ]
         },
         {
            "name":"Haushalt",
            "listID":1,
            "items":[
               {
                  "name":"Spülmaschine ausräumen",
                  "done":false,
                  "taskID":6
               },
               {
                  "name":"Fenster putzen",
                  "done":true,
                  "taskID":7
               },
               {
                  "name":"Wäsche machen",
                  "done":true,
                  "taskID":8
               },
               {
                  "name":"Staubsaugen",
                  "done":false,
                  "taskID":9
               }
            ]
         },
         {
            "name":"Projektideen",
            "listID":2,
            "items":[
               {
                  "name":"Wetterstation",
                  "done":false,
                  "taskID":10
               },
               {
                  "name":"Fahrrad GPS",
                  "done":false,
                  "taskID":11
               },
               {
                  "name":"J.A.R.V.I.S.",
                  "done":false,
                  "taskID":2
               },
               {
                  "name":"Denken",
                  "done":true,
                  "taskID":13
               }
            ]
         },
         {
            "name":"Uni-Abgaben",
            "listID":3,
            "items":[
               {
                  "name":"Stochastik",
                  "done":false,
                  "taskID":14
               },
               {
                  "name":"AlgoII",
                  "done":true,
                  "taskID":15
               },
               {
                  "name":"WebXML",
                  "done":true,
                  "taskID":16
               }
            ]
         },
         {
            "name":"Sonstiges",
            "listID":4,
            "items":[
               {
                  "name":"Neue Laufschuhe kaufen",
                  "done":false,
                  "taskID":17
               },
               {
                  "name":"SpaceX SN15 manuell landen",
                  "done":true,
                  "taskID":18
               }
            ]
         },
         {
            "name":"Leere Liste",
            "listID":5,
            "items":[

            ]
         },
         {
            "name":"TestListe",
            "listID":6,
            "items":[
               {
                  "name":"TestItem 1",
                  "taskID":19,
                  "done":false
               },
               {
                  "name":"TestItem 2",
                  "taskID":20,
                  "done":false
               },
               {
                  "name":"TestItem 3",
                  "taskID":21,
                  "done":false
               },
               {
                  "name":"TestItem 4",
                  "taskID":22,
                  "done":false
               },
               {
                  "name":"TestItem 5",
                  "taskID":23,
                  "done":false
               },
               {
                  "name":"TestItem 6",
                  "taskID":24,
                  "done":false
               },
               {
                  "name":"TestItem 7",
                  "taskID":25,
                  "done":false
               },
               {
                  "name":"TestItem 8",
                  "taskID":26,
                  "done":false
               },
               {
                  "name":"TestItem 9",
                  "taskID":27,
                  "done":false
               },
               {
                  "name":"TestItem 10",
                  "taskID":28,
                  "done":false
               },
               {
                  "name":"TestItem 11",
                  "taskID":29,
                  "done":false
               },
               {
                  "name":"TestItem 12",
                  "taskID":30,
                  "done":false
               }
            ]
         },
         {
            "name":"Haushalt",
            "listID":7,
            "items":[
               {
                  "name":"Spülmaschine ausräumen",
                  "done":false,
                  "taskID":31
               },
               {
                  "name":"Fenster putzen",
                  "done":true,
                  "taskID":32
               },
               {
                  "name":"Wäsche machen",
                  "done":true,
                  "taskID":33
               },
               {
                  "name":"Staubsaugen",
                  "done":false,
                  "taskID":34
               }
            ]
         },
         {
            "name":"Projektideen",
            "listID":8,
            "items":[
               {
                  "name":"Wetterstation",
                  "done":false,
                  "taskID":35
               },
               {
                  "name":"Fahrrad GPS",
                  "done":false,
                  "taskID":36
               },
               {
                  "name":"J.A.R.V.I.S.",
                  "done":false,
                  "taskID":37
               },
               {
                  "name":"Denken",
                  "done":true,
                  "taskID":38
               }
            ]
         },
         {
            "name":"Uni-Abgaben",
            "listID":9,
            "items":[
               {
                  "name":"Stochastik",
                  "done":false,
                  "taskID":39
               },
               {
                  "name":"AlgoII",
                  "done":true,
                  "taskID":40
               },
               {
                  "name":"WebXML",
                  "done":true,
                  "taskID":41
               }
            ]
         },
         {
            "name":"Sonstiges",
            "listID":10,
            "items":[
               {
                  "name":"Neue Laufschuhe kaufen",
                  "done":false,
                  "taskID":42
               },
               {
                  "name":"SpaceX SN15 manuell landen",
                  "done":true,
                  "taskID":43
               }
            ]
         },
         {
            "name":"Leere Liste",
            "listID":11,
            "items":[

            ]
         }
      ]
   },
   {
      "user":"second",
      "userID":1,
      "lists":[
         {
            "name":"Haushalt",
            "listID":12,
            "items":[
               {
                  "name":"Spülmaschine ausräumen",
                  "done":false,
                  "taskID":44
               },
               {
                  "name":"Fenster putzen",
                  "done":true,
                  "taskID":45
               },
               {
                  "name":"Wäsche machen",
                  "done":true,
                  "taskID":46
               },
               {
                  "name":"Staubsaugen",
                  "done":false,
                  "taskID":47
               }
            ]
         },
         {
            "name":"Projektideen",
            "listID":13,
            "items":[
               {
                  "name":"Wetterstation",
                  "done":false,
                  "taskID":48
               },
               {
                  "name":"Fahrrad GPS",
                  "done":false,
                  "taskID":49
               },
               {
                  "name":"J.A.R.V.I.S.",
                  "done":false,
                  "taskID":50
               },
               {
                  "name":"Denken",
                  "done":true,
                  "taskID":51
               }
            ]
         },
         {
            "name":"Sonstiges",
            "listID":14,
            "items":[
               {
                  "name":"Neue Laufschuhe kaufen",
                  "done":false,
                  "taskID":52
               },
               {
                  "name":"SpaceX SN15 manuell landen",
                  "done":true,
                  "taskID":53
               }
            ]
         }
      ]
   },
   {
      "user":"third",
      "userID":2,
      "lists":[
         {
            "name":"Haushalt",
            "listID":15,
            "items":[
               {
                  "name":"Spülmaschine ausräumen",
                  "done":false,
                  "taskID":54
               },
               {
                  "name":"Fenster putzen",
                  "done":true,
                  "taskID":55
               },
               {
                  "name":"Wäsche machen",
                  "done":true,
                  "taskID":56
               },
               {
                  "name":"Staubsaugen",
                  "done":false,
                  "taskID":57
               }
            ]
         },
         {
            "name":"Projektideen",
            "listID":16,
            "items":[
               {
                  "name":"Wetterstation",
                  "done":false,
                  "taskID":58
               },
               {
                  "name":"Fahrrad GPS",
                  "done":false,
                  "taskID":59
               },
               {
                  "name":"J.A.R.V.I.S.",
                  "done":false,
                  "taskID":60
               },
               {
                  "name":"Denken",
                  "done":true,
                  "taskID":61
               }
            ]
         },
         {
            "name":"Sonstiges",
            "listID":17,
            "items":[
               {
                  "name":"Neue Laufschuhe kaufen",
                  "done":false,
                  "taskID":62
               },
               {
                  "name":"SpaceX SN15 manuell landen",
                  "done":true,
                  "taskID":63
               }
            ]
         },
         {
            "name":"Haushalt",
            "listID":18,
            "items":[
               {
                  "name":"Spülmaschine ausräumen",
                  "done":false,
                  "taskID":64
               },
               {
                  "name":"Fenster putzen",
                  "done":true,
                  "taskID":1
               },
               {
                  "name":"Wäsche machen",
                  "done":true,
                  "taskID":65
               },
               {
                  "name":"Staubsaugen",
                  "done":false,
                  "taskID":66
               }
            ]
         },
         {
            "name":"Projektideen",
            "listID":19,
            "items":[
               {
                  "name":"Wetterstation",
                  "done":false,
                  "taskID":67
               },
               {
                  "name":"Fahrrad GPS",
                  "done":false,
                  "taskID":68
               },
               {
                  "name":"J.A.R.V.I.S.",
                  "done":false,
                  "taskID":69
               },
               {
                  "name":"Denken",
                  "done":true,
                  "taskID":70
               }
            ]
         },
         {
            "name":"Sonstiges",
            "listID":20,
            "items":[
               {
                  "name":"Neue Laufschuhe kaufen",
                  "done":false,
                  "taskID":71
               },
               {
                  "name":"SpaceX SN15 manuell landen",
                  "done":true,
                  "taskID":72
               }
            ]
         }
      ]
   }
]
